{
  "sends_telemetry_event": false,
  "parent": "regalia:element/root",
  "display": {
    "icon": {
      "item": "minecraft:raw_iron"
    },
    "title": [
      [{"text":"Earth Affinity"}]
    ],
    "description": [
      [{"text":"Synergize with the earth and gain its abilities.","color":"gray"}]
    ],
    "frame": "task",
    "show_toast": true,
    "announce_to_chat": true,
    "hidden": false
  },
  "criteria": {
	  "exist": {
	    "trigger": "minecraft:impossible"
	  }
  },
  "requirements": [
    [
	    "exist"
	  ]
  ],
  "rewards": {
    "function": "regalia:logic/unlocks/earth/tier_1"
  }
}