{
  "replace": false,
  "values": [
    "minecraft:beef",
    "minecraft:chicken",
    "minecraft:cod",
    "minecraft:mutton",
    "minecraft:porkchop",
    "minecraft:pufferfish",
    "minecraft:rabbit",
    "minecraft:salmon",
    "minecraft:tropical_fish",
    { "id": "alexsmobs:blobfish", "required": false },
    { "id": "alexsmobs:kangaroo_meat", "required": false },
    { "id": "alexsmobs:lobster_tail", "required": false },
    { "id": "alexsmobs:moose_ribs", "required": false },
    { "id": "bca:axolotl", "required": false },
    { "id": "born_in_chaos_v1:smoked_monster_flesh", "required": false },
    { "id": "burnt:ember_berries", "required": false },
    { "id": "create:bar_of_chocolate", "required": false },
    { "id": "create:sweet_roll", "required": false },
    { "id": "farmersdelight:beef_patty", "required": false },
    { "id": "farmersdelight:cooked_bacon", "required": false },
    { "id": "farmersdelight:cooked_chicken_cuts", "required": false },
    { "id": "farmersdelight:cooked_cod_slice", "required": false },
    { "id": "farmersdelight:cooked_mutton_chops", "required": false },
    { "id": "farmersdelight:cooked_salmon_slice", "required": false },
    { "id": "farmersdelight:smoked_ham", "required": false },
    { "id": "naturalist:lizard_tail", "required": false },
    { "id": "naturalist:bass", "required": false },
    { "id": "naturalist:catfish", "required": false },
    { "id": "naturalist:duck", "required": false },
    { "id": "naturalist:venison", "required": false },
    { "id": "netherexp:hogham", "required": false },
    { "id": "quark:crab_leg", "required": false },
    { "id": "rusticdelight:cherry_blossom_cookie", "required": false },
    { "id": "rusticdelight:coffee_cookie", "required": false },
    { "id": "spawn:angler_fish", "required": false },
    { "id": "spawn:tuna_chunk", "required": false }
  ]
}