{
  "replace": false,
  "values": [
    "minecraft:baked_potato",
    "minecraft:beetroot_soup",
    "minecraft:cake",
    "minecraft:cooked_beef",
    "minecraft:cooked_cod",
    "minecraft:cooked_chicken",
    "minecraft:cooked_mutton",
    "minecraft:cooked_porkchop",
    "minecraft:cooked_rabbit",
    "minecraft:cooked_salmon",
    "minecraft:cookie",
    "minecraft:golden_carrot",
    "minecraft:pumpkin_pie",
    "minecraft:mushroom_stew",
    "minecraft:suspicious_stew",
    { "id": "alexsmobs:boiled_emu_egg", "required": false },
    { "id": "alexsmobs:cooked_kangaroo_meat", "required": false },
    { "id": "alexsmobs:cooked_lobster_tail", "required": false },
    { "id": "alexsmobs:cooked_moose_ribs", "required": false },
    { "id": "alexsmobs:cosmic_cod", "required": false },
    { "id": "alexsmobs:gongylidia", "required": false },
    { "id": "alexsmobs:shrimp_fried_rice", "required": false },
    { "id": "aquamirae:cooked_spinefish", "required": false },
    { "id": "ars_nouveau:source_berry_roll", "required": false },
    { "id": "bca:boiled_axolotl", "required": false },
    { "id": "bca:cooked_axolotl", "required": false },
    { "id": "betterend:blossom_berry_jelly", "required": false },
    { "id": "betterend:bolux_mushroom_cooked", "required": false },
    { "id": "betterend:chorus_mushroom_cooked", "required": false },
    { "id": "betterend:end_fish_cooked", "required": false },
    { "id": "betterend:shadow_berry_cooked", "required": false },
    { "id": "betterend:shadow_berry_jelly", "required": false },
    { "id": "betterend:sweet_berry_jelly", "required": false },
    { "id": "betternether:stalagnate_bowl_apple", "required": false },
    { "id": "betternether:hook_mushroom_cooked", "required": false },
    { "id": "biomeswevegone:blueberry_pie", "required": false },
    { "id": "biomeswevegone:cooked_oddion_bulb", "required": false },
    { "id": "biomeswevegone:cooked_yucca_fruit", "required": false },
    { "id": "biomeswevegone:green_apple_pie", "required": false },
    { "id": "born_in_chaos_v1:smoked_fish", "required": false },
    { "id": "burnt:baked_apple", "required": false },
    { "id": "create:chocolate_glazed_berries", "required": false },
    { "id": "create:honeyed_apple", "required": false },
    { "id": "farmersdelight:apple_pie", "required": false },
    { "id": "farmersdelight:apple_pie_slice", "required": false },
    { "id": "farmersdelight:cake_slice", "required": false },
    { "id": "farmersdelight:chocolate_pie", "required": false },
    { "id": "farmersdelight:chocolate_pie_slice", "required": false },
    { "id": "farmersdelight:dog_food", "required": false },
    { "id": "farmersdelight:fried_egg", "required": false },
    { "id": "farmersdelight:glow_berry_custard", "required": false },
    { "id": "farmersdelight:honey_cookie", "required": false },
    { "id": "farmersdelight:melon_popsicle", "required": false },
    { "id": "farmersdelight:sweet_berry_cheesecake", "required": false },
    { "id": "farmersdelight:sweet_berry_cheesecake_slice", "required": false },
    { "id": "farmersdelight:sweet_berry_cookie", "required": false },
    { "id": "vinery:apple_mash", "required": false },
    { "id": "naturalist:cooked_bass", "required": false },
    { "id": "naturalist:cooked_catfish", "required": false },
    { "id": "naturalist:cooked_duck", "required": false },
    { "id": "naturalist:cooked_egg", "required": false },
    { "id": "naturalist:cooked_lizard_tail", "required": false },
    { "id": "naturalist:cooked_venison", "required": false },
    { "id": "netherexp:cooked_hogham", "required": false },
    { "id": "netherexp:glowcheese", "required": false },
    { "id": "netherexp:wraithing_flesh", "required": false },
    { "id": "quark:cooked_crab_leg", "required": false },
    { "id": "rusticdelight:cherry_blossom_pancakes", "required": false },
    { "id": "rusticdelight:cherry_blossom_pancake", "required": false },
    { "id": "rusticdelight:chocolate_pancakes", "required": false },
    { "id": "rusticdelight:chocolate_pancake", "required": false },
    { "id": "rusticdelight:cooked_calamari", "required": false },
    { "id": "rusticdelight:fruit_beignet", "required": false },
    { "id": "rusticdelight:honey_pancakes", "required": false },
    { "id": "rusticdelight:honey_pancake", "required": false },
    { "id": "rusticdelight:pancakes", "required": false },
    { "id": "rusticdelight:pancake", "required": false },
    { "id": "rusticdelight:pumpkin_pancakes", "required": false },
    { "id": "rusticdelight:pumpkin_pancake", "required": false },
    { "id": "rusticdelight:roasted_bell_pepper_green", "required": false },
    { "id": "rusticdelight:roasted_bell_pepper_red", "required": false },
    { "id": "rusticdelight:roasted_bell_pepper_yellow", "required": false },
    { "id": "rusticdelight:cherry_blossom_cheesecake", "required": false },
    { "id": "rusticdelight:cherry_blossom_cheesecake_slice", "required": false },
    { "id": "rusticdelight:syrup_cheesecake", "required": false },
    { "id": "rusticdelight:syrup_cheesecake_slice", "required": false },
    { "id": "rusticdelight:syrup_cookie", "required": false },
    { "id": "rusticdelight:syrup_sandwich", "required": false },
    { "id": "rusticdelight:vegetable_pancakes", "required": false },
    { "id": "rusticdelight:vegetable_pancake", "required": false },
    { "id": "spawn:cooked_tuna_chunk", "required": false },
    { "id": "spawn:tuna_sandwich", "required": false },
    { "id": "supplementaries:pancake", "required": false }
  ]
}