{
  "replace": false,
  "values": [
    "minecraft:bread",
    "minecraft:rabbit_stew",
    { "id": "alexsmobs:kangaroo_burger", "required": false },
    { "id": "alexsmobs:mosquito_repellent_stew", "required": false },
    { "id": "alexsmobs:sopa_de_macaco", "required": false },
    { "id": "aquamirae:poseidons_breakfast", "required": false },
    { "id": "aquamirae:sea_casserole", "required": false },
    { "id": "aquamirae:sea_stew", "required": false },
    { "id": "ars_nouveau:source_berry_pie", "required": false },
    { "id": "biomeswevegone:allium_oddion_soup", "required": false },
    { "id": "biomeswevegone:blooming_oddion", "required": false },
    { "id": "biomeswevegone:cooked_white_puffball_cap", "required": false },
    { "id": "cataclysm:blessed_amethyst_crab_meat", "required": false },
    { "id": "farmersdelight:bacon_and_eggs", "required": false },
    { "id": "farmersdelight:bacon_sandwich", "required": false },
    { "id": "farmersdelight:barbecue_stick", "required": false },
    { "id": "farmersdelight:cabbage_rolls", "required": false },
    { "id": "farmersdelight:chicken_sandwich", "required": false },
    { "id": "farmersdelight:cod_roll", "required": false },
    { "id": "farmersdelight:cooked_rice", "required": false },
    { "id": "farmersdelight:dumplings", "required": false },
    { "id": "farmersdelight:egg_sandwich", "required": false },
    { "id": "farmersdelight:fried_rice", "required": false },
    { "id": "farmersdelight:fruit_salad", "required": false },
    { "id": "farmersdelight:hamburger", "required": false },
    { "id": "farmersdelight:honey_glazed_ham", "required": false },
    { "id": "farmersdelight:honey_glazed_ham_block", "required": false },
    { "id": "farmersdelight:mixed_salad", "required": false },
    { "id": "farmersdelight:mutton_wrap", "required": false },
    { "id": "farmersdelight:nether_salad", "required": false },
    { "id": "farmersdelight:roast_chicken", "required": false },
    { "id": "farmersdelight:roast_chicken_block", "required": false },
    { "id": "farmersdelight:salmon_roll", "required": false },
    { "id": "farmersdelight:shepherds_pie", "required": false },
    { "id": "farmersdelight:shepherds_pie_block", "required": false },
    { "id": "farmersdelight:stuffed_potato", "required": false },
    { "id": "farmersdelight:stuffed_pumpkin", "required": false },
    { "id": "farmersdelight:stuffed_pumpkin_block", "required": false },
    { "id": "netherexp:roasted_bone", "required": false },
    { "id": "rusticdelight:bell_pepper_pasta", "required": false },
    { "id": "rusticdelight:bell_pepper_soup", "required": false },
    { "id": "rusticdelight:calamari_roll", "required": false },
    { "id": "rusticdelight:cherry_blossom_roll", "required": false },
    { "id": "rusticdelight:coffee_braised_beef", "required": false },
    { "id": "rusticdelight:fried_calamari", "required": false },
    { "id": "rusticdelight:fried_chicken", "required": false },
    { "id": "rusticdelight:fried_dumplings", "required": false },
    { "id": "rusticdelight:fried_mushrooms", "required": false },
    { "id": "rusticdelight:bell_pepper_roll_green", "required": false },
    { "id": "rusticdelight:potato_salad", "required": false },
    { "id": "rusticdelight:bell_pepper_roll_red", "required": false },
    { "id": "rusticdelight:spring_rolls", "required": false },
    { "id": "rusticdelight:stuffed_bell_pepper_green", "required": false },
    { "id": "rusticdelight:stuffed_bell_pepper_red", "required": false },
    { "id": "rusticdelight:stuffed_bell_pepper_yellow", "required": false },
    { "id": "rusticdelight:sweet_salad", "required": false },
    { "id": "rusticdelight:bell_pepper_roll_yellow", "required": false },
    { "id": "spawn:escargot", "required": false }
  ]
}