{
  "values": [
    "minecraft:badlands",
    "minecraft:crimson_forest",
    "minecraft:desert",
    "minecraft:eroded_badlands",
    "minecraft:nether_wastes",
    "minecraft:savanna",
    "minecraft:savanna_plateau",
    "minecraft:soul_sand_valley",
    "minecraft:warm_ocean",
    "minecraft:windswept_savanna",
    "minecraft:wooded_badlands",
    { "id": "betternether:bone_reef", "required": false },
    { "id": "betternether:crimson_glowing_woods", "required": false },
    { "id": "betternether:crimson_pinewood", "required": false },
    { "id": "betternether:flooded_deltas", "required": false },
    { "id": "betternether:gravel_desert", "required": false },
    { "id": "betternether:magma_land", "required": false },
    { "id": "betternether:nether_grasslands", "required": false },
    { "id": "betternether:nether_jungle", "required": false },
    { "id": "betternether:nether_mushroom_forest", "required": false },
    { "id": "betternether:nether_mushroom_forest_edge", "required": false },
    { "id": "betternether:nether_swampland", "required": false },
    { "id": "betternether:nether_swampland_terraces", "required": false },
    { "id": "betternether:old_fungiwoods", "required": false },
    { "id": "betternether:old_swampland", "required": false },
    { "id": "betternether:old_warped_woods", "required": false },
    { "id": "betternether:poor_nether_grasslands", "required": false },
    { "id": "betternether:soul_plain", "required": false },
    { "id": "betternether:sulfuric_bone_reef", "required": false },
    { "id": "betternether:upside_down_forest", "required": false },
    { "id": "betternether:upside_down_forest_cleared", "required": false },
    { "id": "betternether:ward_forest", "required": false },
    { "id": "betternether:ward_forest_edge", "required": false },
    { "id": "biomeswevegone:araucaria_savanna", "required": false },
    { "id": "biomeswevegone:atacama_outback", "required": false },
    { "id": "biomeswevegone:baobab_savanna", "required": false },
    { "id": "biomeswevegone:mojave_desert", "required": false },
    { "id": "biomeswevegone:rugged_badlands", "required": false },
    { "id": "biomeswevegone:sierra_badlands", "required": false },
    { "id": "biomeswevegone:windswept_desert", "required": false },
    { "id": "netherexp:black_ice_glaciers", "required": false },
    { "id": "netherexp:exhaust_mire", "required": false },
    { "id": "netherexp:sorrowsquash_pastures", "required": false },
    { "id": "terralith:ancient_sands", "required": false },
    { "id": "terralith:arid_highlands", "required": false },
    { "id": "terralith:ashen_savanna", "required": false },
    { "id": "terralith:cave/desert_caves", "required": false },
    { "id": "terralith:desert_canyon", "required": false },
    { "id": "terralith:desert_oasis", "required": false },
    { "id": "terralith:desert_spires", "required": false },
    { "id": "terralith:fractured_savanna", "required": false },
    { "id": "terralith:hot_shrubland", "required": false },
    { "id": "terralith:lush_desert", "required": false },
    { "id": "terralith:savanna_badlands", "required": false },
    { "id": "terralith:savanna_slopes", "required": false },
    { "id": "terralith:skylands_summer", "required": false },
    { "id": "terralith:volcanic_crater", "required": false },
    { "id": "terralith:volcanic_peaks", "required": false }
  ]
}