{
  "replace": false,
  "values": [
    "minecraft:dried_kelp",
    "minecraft:golden_carrot",
    { "id": "betterend:shadow_berry_cooked", "required": false },
    { "id": "betterend:shadow_berry_jelly", "required": false },
    { "id": "born_in_chaos_v1:smoked_fish", "required": false },
    { "id": "vinery:aegis_wine", "required": false },
    { "id": "vinery:apple_cider", "required": false },
    { "id": "vinery:apple_wine", "required": false },
    { "id": "vinery:bolvar_wine", "required": false },
    { "id": "vinery:bottle_mojang_noir", "required": false },
    { "id": "vinery:chenet_wine", "required": false },
    { "id": "vinery:cherry_wine", "required": false },
    { "id": "vinery:chorus_wine", "required": false },
    { "id": "vinery:clark_wine", "required": false },
    { "id": "vinery:creepers_crush", "required": false },
    { "id": "vinery:cristel_wine", "required": false },
    { "id": "vinery:eiswein", "required": false },
    { "id": "vinery:glowing_wine", "required": false },
    { "id": "vinery:jellie_wine", "required": false },
    { "id": "vinery:jo_special_mixture", "required": false },
    { "id": "vinery:kelp_cider", "required": false },
    { "id": "vinery:lilitus_wine", "required": false },
    { "id": "vinery:magnetic_wine", "required": false },
    { "id": "vinery:mead", "required": false },
    { "id": "vinery:mellohi_wine", "required": false },
    { "id": "vinery:noir_wine", "required": false },
    { "id": "vinery:red_wine", "required": false },
    { "id": "vinery:solaris_wine", "required": false },
    { "id": "vinery:stal_wine", "required": false },
    { "id": "vinery:strad_wine", "required": false },
    { "id": "vinery:villagers_fright", "required": false },
    { "id": "netherexp:glowcheese", "required": false },
    { "id": "rusticdelight:syrup", "required": false },
    { "id": "snowyspirit:candy_cane", "required": false },
    { "id": "supplementaries:candy", "required": false }
  ]
}