{
  "replace": false,
  "values": [
    "minecraft:apple",
    "minecraft:beef",
    "minecraft:beetroot",
    "minecraft:cake",
    "minecraft:carrot",
    "minecraft:chicken",
    "minecraft:chorus_fruit",
    "minecraft:cod",
    "minecraft:cookie",
    "minecraft:dried_kelp",
    "minecraft:glow_berries",
    "minecraft:honey_bottle",
    "minecraft:melon_slice",
    "minecraft:mutton",
    "minecraft:poisonous_potato",
    "minecraft:porkchop",
    "minecraft:potato",
    "minecraft:pufferfish",
    "minecraft:pumpkin_pie",
    "minecraft:rabbit",
    "minecraft:salmon",
    "minecraft:spider_eye",
    "minecraft:sweet_berries",
    "minecraft:tropical_fish",
    { "id": "alexsmobs:banana", "required": false },
    { "id": "alexsmobs:blobfish", "required": false },
    { "id": "alexsmobs:cosmic_cod", "required": false },
    { "id": "alexsmobs:fish_oil", "required": false },
    { "id": "alexsmobs:flying_fish", "required": false },
    { "id": "alexsmobs:gongylidia", "required": false },
    { "id": "alexsmobs:kangaroo_meat", "required": false },
    { "id": "alexsmobs:lobster_tail", "required": false },
    { "id": "alexsmobs:rainbow_jelly", "required": false },
    { "id": "alexsmobs:moose_ribs", "required": false },
    { "id": "aquamirae:esca", "required": false },
    { "id": "aquamirae:fin", "required": false },
    { "id": "aquamirae:sharp_bones", "required": false },
    { "id": "aquamirae:spinefish", "required": false },
    { "id": "ars_nouveau:sourceberry_bush", "required": false },
    { "id": "bca:axolotl", "required": false },
    { "id": "betterend:amber_root_raw", "required": false },
    { "id": "betterend:blossom_berry", "required": false },
    { "id": "betterend:chorus_mushroom_raw", "required": false },
    { "id": "betterend:end_fish_raw", "required": false },
    { "id": "betterend:shadow_berry_raw", "required": false },
    { "id": "betternether:black_apple", "required": false },
    { "id": "biomeswevegone:baobab_fruit", "required": false },
    { "id": "biomeswevegone:blueberries", "required": false },
    { "id": "biomeswevegone:blueberry_pie", "required": false },
    { "id": "biomeswevegone:cooked_white_puffball_cap", "required": false },
    { "id": "biomeswevegone:green_apple", "required": false },
    { "id": "biomeswevegone:green_apple_pie", "required": false },
    { "id": "biomeswevegone:oddion_bulb", "required": false },
    { "id": "biomeswevegone:white_puffball_cap", "required": false },
    { "id": "biomeswevegone:yucca_fruit", "required": false },
    { "id": "born_in_chaos_v1:bloody_gadfly_eye", "required": false },
    { "id": "born_in_chaos_v1:corpse_maggot", "required": false },
    { "id": "born_in_chaos_v1:fried_maggot", "required": false },
    { "id": "born_in_chaos_v1:sea_terror_eye", "required": false },
    { "id": "born_in_chaos_v1:monster_flesh", "required": false },
    { "id": "born_in_chaos_v1:rotten_fish", "required": false },
    { "id": "burnt:ember_berries", "required": false },
    { "id": "cataclysm:amethyst_crab_meat", "required": false },
    { "id": "cataclysm:lionfish", "required": false },
    { "id": "create:bar_of_chocolate", "required": false },
    { "id": "create:chocolate_glazed_berries", "required": false },
    { "id": "create:honeyed_apple", "required": false },
    { "id": "create:sweet_roll", "required": false },
    { "id": "farmersdelight:apple_pie", "required": false },
    { "id": "farmersdelight:apple_pie_slice", "required": false },
    { "id": "farmersdelight:bacon", "required": false },
    { "id": "farmersdelight:beef_patty", "required": false },
    { "id": "farmersdelight:cabbage", "required": false },
    { "id": "farmersdelight:cake_slice", "required": false },
    { "id": "farmersdelight:chicken_cuts", "required": false },
    { "id": "farmersdelight:chocolate_pie", "required": false },
    { "id": "farmersdelight:chocolate_pie_slice", "required": false },
    { "id": "farmersdelight:cod_slice", "required": false },
    { "id": "farmersdelight:cooked_bacon", "required": false },
    { "id": "farmersdelight:cooked_chicken_cuts", "required": false },
    { "id": "farmersdelight:cooked_cod_slice", "required": false },
    { "id": "farmersdelight:cooked_mutton_chops", "required": false },
    { "id": "farmersdelight:cooked_salmon_slice", "required": false },
    { "id": "farmersdelight:dog_food", "required": false },
    { "id": "farmersdelight:glow_berry_custard", "required": false },
    { "id": "farmersdelight:ham", "required": false },
    { "id": "farmersdelight:honey_cookie", "required": false },
    { "id": "farmersdelight:melon_popsicle", "required": false },
    { "id": "farmersdelight:minced_beef", "required": false },
    { "id": "farmersdelight:mutton_chops", "required": false },
    { "id": "farmersdelight:onion", "required": false },
    { "id": "farmersdelight:pumpkin_slice", "required": false },
    { "id": "farmersdelight:salmon_slice", "required": false },
    { "id": "farmersdelight:sweet_berry_cheesecake", "required": false },
    { "id": "farmersdelight:sweet_berry_cheesecake_slice", "required": false },
    { "id": "farmersdelight:sweet_berry_cookie", "required": false },
    { "id": "farmersdelight:tomato", "required": false },
    { "id": "naturalist:lizard_tail", "required": false },
    { "id": "naturalist:bass", "required": false },
    { "id": "naturalist:catfish", "required": false },
    { "id": "naturalist:duck", "required": false },
    { "id": "naturalist:venison", "required": false },
    { "id": "netherexp:cerebrage", "required": false },
    { "id": "netherexp:hogham", "required": false },
    { "id": "quark:crab_leg", "required": false },
    { "id": "rusticdelight:batter", "required": false },
    { "id": "rusticdelight:bell_pepper_green", "required": false },
    { "id": "rusticdelight:bell_pepper_red", "required": false },
    { "id": "rusticdelight:bell_pepper_yellow", "required": false },
    { "id": "rusticdelight:calamari", "required": false },
    { "id": "rusticdelight:calamari_slice", "required": false },
    { "id": "rusticdelight:cherry_blossom_cheesecake", "required": false },
    { "id": "rusticdelight:cherry_blossom_cheesecake_slice", "required": false },
    { "id": "rusticdelight:cherry_blossom_cookie", "required": false },
    { "id": "rusticdelight:coffee_beans", "required": false },
    { "id": "rusticdelight:coffee_cookie", "required": false },
    { "id": "rusticdelight:fried_dough", "required": false },
    { "id": "rusticdelight:fruit_beignet", "required": false },
    { "id": "rusticdelight:golden_coffee_beans", "required": false },
    { "id": "rusticdelight:potato_slices", "required": false },
    { "id": "rusticdelight:roasted_coffee_beans", "required": false },
    { "id": "rusticdelight:syrup_cheesecake", "required": false },
    { "id": "rusticdelight:syrup_cheesecake_slice", "required": false },
    { "id": "rusticdelight:syrup_cookie", "required": false },
    { "id": "snowyspirit:candy_cane", "required": false },
    { "id": "snowyspirit:gingerbread_cookie", "required": false },
    { "id": "spawn:angler_fish", "required": false },
    { "id": "spawn:roasted_sunflower_seeds", "required": false },
    { "id": "spawn:tuna_chunk", "required": false },
    { "id": "supplementaries:candy", "required": false },
    { "id": "vinery:cherry", "required": false },
    { "id": "vinery:jungle_grapes_red", "required": false },
    { "id": "vinery:jungle_grapes_white", "required": false },
    { "id": "vinery:red_grape", "required": false },
    { "id": "vinery:savanna_grapes_red", "required": false },
    { "id": "vinery:savanna_grapes_white", "required": false },
    { "id": "vinery:taiga_grapes_red", "required": false },
    { "id": "vinery:taiga_grapes_white", "required": false },
    { "id": "vinery:white_grape", "required": false },
    { "id": "yungscavebiomes:prickly_peach", "required": false }
  ]
}