{
  "replace": false,
  "values": [
    "minecraft:beef",
    "minecraft:chicken",
    "minecraft:cod",
    "minecraft:mutton",
    "minecraft:porkchop",
    "minecraft:potion",
    "minecraft:pufferfish",
    "minecraft:rabbit",
    "minecraft:salmon",
    "minecraft:spider_eye",
    "minecraft:tropical_fish",
    { "id": "alexsmobs:blobfish", "required": false },
    { "id": "alexsmobs:fish_oil", "required": false },
    { "id": "alexsmobs:flying_fish", "required": false },
    { "id": "alexsmobs:kangaroo_meat", "required": false },
    { "id": "alexsmobs:lobster_tail", "required": false },
    { "id": "alexsmobs:moose_ribs", "required": false },
    { "id": "alexsmobs:rainbow_jelly", "required": false },
    { "id": "aquamirae:esca", "required": false },
    { "id": "aquamirae:fin", "required": false },
    { "id": "aquamirae:sharp_bones", "required": false },
    { "id": "aquamirae:spinefish", "required": false },
    { "id": "ars_nouveau:potion_flask", "required": false },
    { "id": "ars_nouveau:potion_flask_amplify", "required": false },
    { "id": "ars_nouveau:potion_flask_extend_time", "required": false },
    { "id": "bca:axolotl", "required": false },
    { "id": "betterend:end_fish_raw", "required": false },
    { "id": "born_in_chaos_v1:bloody_gadfly_eye", "required": false },
    { "id": "born_in_chaos_v1:bottle_of_magical_energy", "required": false },
    { "id": "born_in_chaos_v1:corpse_maggot", "required": false },
    { "id": "born_in_chaos_v1:elixirof_ice_barrier", "required": false },
    { "id": "born_in_chaos_v1:elixirof_insect_protection", "required": false },
    { "id": "born_in_chaos_v1:elixirof_wither_resistance", "required": false },
    { "id": "born_in_chaos_v1:elixir_of_vampirism", "required": false },
    { "id": "born_in_chaos_v1:intoxicating_decoction", "required": false },
    { "id": "born_in_chaos_v1:monster_flesh", "required": false },
    { "id": "born_in_chaos_v1:potion_of_rampage", "required": false },
    { "id": "born_in_chaos_v1:rotten_fish", "required": false },
    { "id": "born_in_chaos_v1:sea_terror_eye", "required": false },
    { "id": "born_in_chaos_v1:stimulating_decoction", "required": false },
    { "id": "born_in_chaos_v1:transmuting_elixir", "required": false },
    { "id": "cataclysm:amethyst_crab_meat", "required": false },
    { "id": "cataclysm:lionfish", "required": false },
    { "id": "farmersdelight:bacon", "required": false },
    { "id": "farmersdelight:chicken_cuts", "required": false },
    { "id": "farmersdelight:cod_slice", "required": false },
    { "id": "farmersdelight:ham", "required": false },
    { "id": "farmersdelight:minced_beef", "required": false },
    { "id": "farmersdelight:mutton_chops", "required": false },
    { "id": "farmersdelight:salmon_slice", "required": false },
    { "id": "herbalbrews:flask", "required": false },
    { "id": "naturalist:bass", "required": false },
    { "id": "naturalist:catfish", "required": false },
    { "id": "naturalist:duck", "required": false },
    { "id": "naturalist:lizard_tail", "required": false },
    { "id": "naturalist:venison", "required": false },
    { "id": "netherexp:antidote", "required": false },
    { "id": "netherexp:grenade_antidote", "required": false },
    { "id": "netherexp:hogham", "required": false },
    { "id": "nethervinery:blazewine_pinot", "required": false },
    { "id": "nethervinery:crimson_grape", "required": false },
    { "id": "nethervinery:ghastly_grenache", "required": false },
    { "id": "nethervinery:improved_lava_fizz", "required": false },
    { "id": "nethervinery:improved_nether_fizz", "required": false },
    { "id": "nethervinery:lava_fizz", "required": false },
    { "id": "nethervinery:netherite_nectar", "required": false },
    { "id": "nethervinery:nether_fizz", "required": false },
    { "id": "nethervinery:warped_grape", "required": false },
    { "id": "quark:crab_leg", "required": false },
    { "id": "rusticdelight:batter", "required": false },
    { "id": "rusticdelight:calamari", "required": false },
    { "id": "rusticdelight:calamari_slice", "required": false },
    { "id": "rusticdelight:coffee_beans", "required": false },
    { "id": "rusticdelight:cooking_oil", "required": false },
    { "id": "rusticdelight:golden_coffee_beans", "required": false },
    { "id": "rusticdelight:roasted_coffee_beans", "required": false },
    { "id": "rusticdelight:syrup", "required": false },
    { "id": "spawn:angler_fish", "required": false },
    { "id": "spawn:tuna_chunk", "required": false },
    { "id": "supplementaries:lumisene_bottle", "required": false },
    { "id": "vinery:aegis_wine", "required": false },
    { "id": "vinery:apple_cider", "required": false },
    { "id": "vinery:apple_juice", "required": false },
    { "id": "vinery:apple_wine", "required": false },
    { "id": "vinery:bolvar_wine", "required": false },
    { "id": "vinery:bottle_mojang_noir", "required": false },
    { "id": "vinery:chenet_wine", "required": false },
    { "id": "vinery:cherry_wine", "required": false },
    { "id": "vinery:chorus_wine", "required": false },
    { "id": "vinery:clark_wine", "required": false },
    { "id": "vinery:creepers_crush", "required": false },
    { "id": "vinery:cristel_wine", "required": false },
    { "id": "vinery:eiswein", "required": false },
    { "id": "vinery:glowing_wine", "required": false },
    { "id": "vinery:jellie_wine", "required": false },
    { "id": "vinery:jo_special_mixture", "required": false },
    { "id": "vinery:kelp_cider", "required": false },
    { "id": "vinery:lilitus_wine", "required": false },
    { "id": "vinery:magnetic_wine", "required": false },
    { "id": "vinery:mead", "required": false },
    { "id": "vinery:mellohi_wine", "required": false },
    { "id": "vinery:noir_wine", "required": false },
    { "id": "vinery:red_grapejuice", "required": false },
    { "id": "vinery:red_jungle_grapejuice", "required": false },
    { "id": "vinery:red_savanna_grapejuice", "required": false },
    { "id": "vinery:red_taiga_grapejuice", "required": false },
    { "id": "vinery:red_wine", "required": false },
    { "id": "vinery:solaris_wine", "required": false },
    { "id": "vinery:stal_wine", "required": false },
    { "id": "vinery:strad_wine", "required": false },
    { "id": "vinery:villagers_fright", "required": false },
    { "id": "vinery:white_grapejuice", "required": false },
    { "id": "vinery:white_jungle_grapejuice", "required": false },
    { "id": "vinery:white_savanna_grapejuice", "required": false },
    { "id": "vinery:white_taiga_grapejuice", "required": false }
  ]
}