{
  "replace": false,
  "values": [
    { "id": "alexsmobs:shrimp_fried_rice", "required": false },
    { "id": "farmersdelight:bacon_and_eggs", "required": false },
    { "id": "farmersdelight:bacon_sandwich", "required": false },
    { "id": "farmersdelight:chicken_sandwich", "required": false },
    { "id": "farmersdelight:fried_rice", "required": false },
    { "id": "farmersdelight:hamburger", "required": false },
    { "id": "farmersdelight:mutton_wrap", "required": false },
    { "id": "farmersdelight:ratatouille", "required": false },
    { "id": "farmersdelight:stuffed_potato", "required": false },
    { "id": "rusticdelight:bell_pepper_pasta", "required": false },
    { "id": "rusticdelight:spring_rolls", "required": false },
    { "id": "spawn:escargot", "required": false }
  ]
}