{
  "replace": false,
  "values": [
    "minecraft:apple",
    "minecraft:beetroot",
    "minecraft:carrot",
    "minecraft:cookie",
    "minecraft:dried_kelp",
    "minecraft:glow_berries",
    "minecraft:honey_bottle",
    "minecraft:melon_slice",
    "minecraft:poisonous_potato",
    "minecraft:potato",
    "minecraft:sweet_berries",
    { "id": "alexsmobs:banana", "required": false },
    { "id": "ars_nouveau:sourceberry_bush", "required": false },
    { "id": "ars_nouveau:source_berry_roll", "required": false },
    { "id": "betterend:blossom_berry", "required": false },
    { "id": "betterend:amber_root_raw", "required": false },
    { "id": "betterend:chorus_mushroom_raw", "required": false },
    { "id": "betterend:shadow_berry_raw", "required": false },
    { "id": "betterend:umbrella_cluster_juice", "required": false },
    { "id": "biomeswevegone:baobab_fruit", "required": false },
    { "id": "biomeswevegone:blueberries", "required": false },
    { "id": "biomeswevegone:cooked_oddion_bulb", "required": false },
    { "id": "biomeswevegone:green_apple", "required": false },
    { "id": "biomeswevegone:oddion_bulb", "required": false },
    { "id": "biomeswevegone:white_puffball_cap", "required": false },
    { "id": "biomeswevegone:yucca_fruit", "required": false },
    { "id": "born_in_chaos_v1:fried_maggot", "required": false },
    { "id": "farmersdelight:cabbage", "required": false },
    { "id": "farmersdelight:hot_cocoa", "required": false },
    { "id": "farmersdelight:melon_juice", "required": false },
    { "id": "farmersdelight:onion", "required": false },
    { "id": "farmersdelight:pumpkin_slice", "required": false },
    { "id": "farmersdelight:tomato", "required": false },
    { "id": "herbalbrews:black_tea", "required": false },
    { "id": "herbalbrews:coffee", "required": false },
    { "id": "herbalbrews:green_tea", "required": false },
    { "id": "herbalbrews:hibiscus_tea", "required": false },
    { "id": "herbalbrews:lavender_tea", "required": false },
    { "id": "herbalbrews:milk_coffee", "required": false },
    { "id": "herbalbrews:oolong_tea", "required": false },
    { "id": "herbalbrews:rooibos_tea", "required": false },
    { "id": "herbalbrews:yerba_mate_tea", "required": false },
    { "id": "vinery:apple_mash", "required": false },
    { "id": "vinery:cherry", "required": false },
    { "id": "vinery:red_grape", "required": false },
    { "id": "vinery:jungle_grapes_red", "required": false },
    { "id": "vinery:savanna_grapes_red", "required": false },
    { "id": "vinery:taiga_grapes_red", "required": false },
    { "id": "vinery:white_grape", "required": false },
    { "id": "vinery:jungle_grapes_white", "required": false },
    { "id": "vinery:savanna_grapes_white", "required": false },
    { "id": "vinery:taiga_grapes_white", "required": false },
    { "id": "netherexp:cerebrage", "required": false },
    { "id": "rusticdelight:chocolate_coffee", "required": false },
    { "id": "rusticdelight:coffee", "required": false },
    { "id": "rusticdelight:cooked_calamari_slice", "required": false },
    { "id": "rusticdelight:dark_coffee", "required": false },
    { "id": "rusticdelight:bell_pepper_green", "required": false },
    { "id": "rusticdelight:honey_coffee", "required": false },
    { "id": "rusticdelight:milk_coffee", "required": false },
    { "id": "rusticdelight:potato_slices", "required": false },
    { "id": "rusticdelight:bell_pepper_red", "required": false },
    { "id": "rusticdelight:syrup_coffee", "required": false },
    { "id": "rusticdelight:bell_pepper_yellow", "required": false },
    { "id": "snowyspirit:eggnog", "required": false },
    { "id": "snowyspirit:gingerbread_cookie", "required": false }
  ]
}