{
  "replace": false,
  "values": [
    "minecraft:baked_potato",
    "minecraft:chorus_fruit",
    "minecraft:pumpkin_pie",
    { "id": "alexsmobs:cosmic_cod", "required": false },
    { "id": "alexsmobs:gongylidia", "required": false },
    { "id": "alexsmobs:mosquito_repellent_stew", "required": false },
    { "id": "aquamirae:cooked_spinefish", "required": false },
    { "id": "ars_nouveau:source_berry_pie", "required": false },
    { "id": "betternether:black_apple", "required": false },
    { "id": "biomeswevegone:allium_oddion_soup", "required": false },
    { "id": "biomeswevegone:aloe_vera_juice", "required": false },
    { "id": "biomeswevegone:blueberry_pie", "required": false },
    { "id": "biomeswevegone:cooked_white_puffball_cap", "required": false },
    { "id": "biomeswevegone:cooked_yucca_fruit", "required": false },
    { "id": "biomeswevegone:green_apple_pie", "required": false },
    { "id": "born_in_chaos_v1:smoked_fish", "required": false },
    { "id": "born_in_chaos_v1:smoked_monster_flesh", "required": false },
    { "id": "burnt:baked_apple", "required": false },
    { "id": "burnt:ember_berries", "required": false },
    { "id": "create:builders_tea", "required": false },
    { "id": "create:sweet_roll", "required": false },
    { "id": "farmersdelight:apple_cider", "required": false },
    { "id": "farmersdelight:cooked_bacon", "required": false },
    { "id": "farmersdelight:cooked_chicken_cuts", "required": false },
    { "id": "farmersdelight:cooked_cod_slice", "required": false },
    { "id": "farmersdelight:cooked_mutton_chops", "required": false },
    { "id": "farmersdelight:cooked_salmon_slice", "required": false },
    { "id": "farmersdelight:honey_cookie", "required": false },
    { "id": "farmersdelight:sweet_berry_cookie", "required": false },
    { "id": "rusticdelight:cherry_blossom_cookie", "required": false },
    { "id": "rusticdelight:coffee_cookie", "required": false },
    { "id": "rusticdelight:fried_dough", "required": false },
    { "id": "rusticdelight:syrup_cookie", "required": false },
    { "id": "snowyspirit:candy_cane", "required": false },
    { "id": "spawn:roasted_sunflower_seeds", "required": false },
    { "id": "supplementaries:candy", "required": false },
    { "id": "yungscavebiomes:prickly_peach", "required": false }
  ]
}