{
  "replace": false,
  "values": [
    "minecraft:beetroot_soup",
    "minecraft:bread",
    "minecraft:cake",
    "minecraft:cooked_beef",
    "minecraft:cooked_chicken",
    "minecraft:cooked_cod",
    "minecraft:cooked_mutton",
    "minecraft:cooked_porkchop",
    "minecraft:cooked_rabbit",
    "minecraft:cooked_salmon",
    "minecraft:golden_carrot",
    "minecraft:mushroom_stew",
    "minecraft:suspicious_stew",
    { "id": "alexsmobs:boiled_emu_egg", "required": false },
    { "id": "alexsmobs:cooked_kangaroo_meat", "required": false },
    { "id": "alexsmobs:cooked_lobster_tail", "required": false },
    { "id": "alexsmobs:cooked_moose_ribs", "required": false },
    { "id": "aquamirae:poseidons_breakfast", "required": false },
    { "id": "aquamirae:sea_casserole", "required": false },
    { "id": "aquamirae:sea_stew", "required": false },
    { "id": "bca:boiled_axolotl", "required": false },
    { "id": "bca:cooked_axolotl", "required": false },
    { "id": "betterend:bolux_mushroom_cooked", "required": false },
    { "id": "betterend:chorus_mushroom_cooked", "required": false },
    { "id": "betterend:end_fish_cooked", "required": false },
    { "id": "betterend:shadow_berry_cooked", "required": false },
    { "id": "betterend:shadow_berry_jelly", "required": false },
    { "id": "betternether:hook_mushroom_cooked", "required": false },
    { "id": "betternether:stalagnate_bowl_mushroom", "required": false },
    { "id": "betternether:stalagnate_bowl_wart", "required": false },
    { "id": "cataclysm:blessed_amethyst_crab_meat", "required": false },
    { "id": "create:bar_of_chocolate", "required": false },
    { "id": "farmersdelight:apple_pie", "required": false },
    { "id": "farmersdelight:apple_pie_slice", "required": false },
    { "id": "farmersdelight:beef_patty", "required": false },
    { "id": "farmersdelight:bone_broth", "required": false },
    { "id": "farmersdelight:cake_slice", "required": false },
    { "id": "farmersdelight:chocolate_pie", "required": false },
    { "id": "farmersdelight:chocolate_pie_slice", "required": false },
    { "id": "farmersdelight:cooked_rice", "required": false },
    { "id": "farmersdelight:dog_food", "required": false },
    { "id": "farmersdelight:fried_egg", "required": false },
    { "id": "farmersdelight:melon_popsicle", "required": false },
    { "id": "farmersdelight:smoked_ham", "required": false },
    { "id": "farmersdelight:sweet_berry_cheesecake", "required": false },
    { "id": "farmersdelight:sweet_berry_cheesecake_slice", "required": false },
    { "id": "naturalist:cooked_bass", "required": false },
    { "id": "naturalist:cooked_catfish", "required": false },
    { "id": "naturalist:cooked_duck", "required": false },
    { "id": "naturalist:cooked_egg", "required": false },
    { "id": "naturalist:cooked_lizard_tail", "required": false },
    { "id": "naturalist:cooked_venison", "required": false },
    { "id": "netherexp:cooked_hogham", "required": false },
    { "id": "netherexp:glowcheese", "required": false },
    { "id": "netherexp:wraithing_flesh", "required": false },
    { "id": "quark:cooked_crab_leg", "required": false },
    { "id": "rusticdelight:baked_potato_slices", "required": false },
    { "id": "rusticdelight:cherry_blossom_pancakes", "required": false },
    { "id": "rusticdelight:cherry_blossom_pancake", "required": false },
    { "id": "rusticdelight:chocolate_pancakes", "required": false },
    { "id": "rusticdelight:chocolate_pancake", "required": false },
    { "id": "rusticdelight:cooked_calamari", "required": false },
    { "id": "rusticdelight:fruit_beignet", "required": false },
    { "id": "rusticdelight:honey_pancakes", "required": false },
    { "id": "rusticdelight:honey_pancake", "required": false },
    { "id": "rusticdelight:pancakes", "required": false },
    { "id": "rusticdelight:pancake", "required": false },
    { "id": "rusticdelight:pumpkin_pancakes", "required": false },
    { "id": "rusticdelight:pumpkin_pancake", "required": false },
    { "id": "rusticdelight:roasted_bell_pepper_green", "required": false },
    { "id": "rusticdelight:roasted_bell_pepper_red", "required": false },
    { "id": "rusticdelight:roasted_bell_pepper_yellow", "required": false },
    { "id": "rusticdelight:cherry_blossom_cheesecake", "required": false },
    { "id": "rusticdelight:cherry_blossom_cheesecake_slice", "required": false },
    { "id": "rusticdelight:syrup_cheesecake", "required": false },
    { "id": "rusticdelight:syrup_cheesecake_slice", "required": false },
    { "id": "rusticdelight:syrup_sandwich", "required": false },
    { "id": "rusticdelight:vegetable_pancakes", "required": false },
    { "id": "rusticdelight:vegetable_pancake", "required": false },
    { "id": "spawn:cooked_tuna_chunk", "required": false },
    { "id": "supplementaries:pancake", "required": false }
  ]
}