{
  "replace": false,
  "values": [
    "minecraft:potion",
    { "id": "ars_nouveau:potion_flask", "required": false },
    { "id": "ars_nouveau:potion_flask_amplify", "required": false },
    { "id": "ars_nouveau:potion_flask_extend_time", "required": false },
    { "id": "born_in_chaos_v1:bottle_of_magical_energy", "required": false },
    { "id": "born_in_chaos_v1:elixirof_ice_barrier", "required": false },
    { "id": "born_in_chaos_v1:elixirof_insect_protection", "required": false },
    { "id": "born_in_chaos_v1:elixirof_wither_resistance", "required": false },
    { "id": "born_in_chaos_v1:elixir_of_vampirism", "required": false },
    { "id": "born_in_chaos_v1:intoxicating_decoction", "required": false },
    { "id": "born_in_chaos_v1:potion_of_rampage", "required": false },
    { "id": "born_in_chaos_v1:stimulating_decoction", "required": false },
    { "id": "born_in_chaos_v1:transmuting_elixir", "required": false },
    { "id": "herbalbrews:flask", "required": false },
    { "id": "netherexp:antidote", "required": false },
    { "id": "netherexp:grenade_antidote", "required": false },
    { "id": "nethervinery:blazewine_pinot", "required": false },
    { "id": "nethervinery:crimson_grape", "required": false },
    { "id": "nethervinery:ghastly_grenache", "required": false },
    { "id": "nethervinery:improved_lava_fizz", "required": false },
    { "id": "nethervinery:improved_nether_fizz", "required": false },
    { "id": "nethervinery:lava_fizz", "required": false },
    { "id": "nethervinery:netherite_nectar", "required": false },
    { "id": "nethervinery:nether_fizz", "required": false },
    { "id": "nethervinery:warped_grape", "required": false },
    { "id": "rusticdelight:chocolate_coffee", "required": false },
    { "id": "rusticdelight:coffee", "required": false },
    { "id": "rusticdelight:dark_coffee", "required": false },
    { "id": "rusticdelight:honey_coffee", "required": false },
    { "id": "rusticdelight:milk_coffee", "required": false },
    { "id": "rusticdelight:syrup", "required": false },
    { "id": "rusticdelight:syrup_coffee", "required": false },
    { "id": "supplementaries:lumisene_bottle", "required": false },
    { "id": "vinery:aegis_wine", "required": false },
    { "id": "vinery:apple_cider", "required": false },
    { "id": "vinery:apple_wine", "required": false },
    { "id": "vinery:bolvar_wine", "required": false },
    { "id": "vinery:bottle_mojang_noir", "required": false },
    { "id": "vinery:chenet_wine", "required": false },
    { "id": "vinery:cherry_wine", "required": false },
    { "id": "vinery:chorus_wine", "required": false },
    { "id": "vinery:clark_wine", "required": false },
    { "id": "vinery:creepers_crush", "required": false },
    { "id": "vinery:cristel_wine", "required": false },
    { "id": "vinery:eiswein", "required": false },
    { "id": "vinery:glowing_wine", "required": false },
    { "id": "vinery:jellie_wine", "required": false },
    { "id": "vinery:jo_special_mixture", "required": false },
    { "id": "vinery:kelp_cider", "required": false },
    { "id": "vinery:lilitus_wine", "required": false },
    { "id": "vinery:magnetic_wine", "required": false },
    { "id": "vinery:mead", "required": false },
    { "id": "vinery:mellohi_wine", "required": false },
    { "id": "vinery:noir_wine", "required": false },
    { "id": "vinery:red_wine", "required": false },
    { "id": "vinery:solaris_wine", "required": false },
    { "id": "vinery:stal_wine", "required": false },
    { "id": "vinery:strad_wine", "required": false },
    { "id": "vinery:villagers_fright", "required": false }
  ]
}