{
  "replace": false,
  "values": [
    "minecraft:cake",
    "minecraft:pumpkin_pie",
    "minecraft:rabbit_stew",
    { "id": "aquamirae:sea_casserole", "required": false },
    { "id": "ars_nouveau:source_berry_pie", "required": false },
    { "id": "cataclysm:blessed_amethyst_crab_meat", "required": false },
    { "id": "farmersdelight:apple_pie", "required": false },
    { "id": "farmersdelight:apple_pie_slice", "required": false },
    { "id": "farmersdelight:cake_slice", "required": false },
    { "id": "farmersdelight:chocolate_pie", "required": false },
    { "id": "farmersdelight:chocolate_pie_slice", "required": false },
    { "id": "farmersdelight:cod_roll", "required": false },
    { "id": "farmersdelight:glow_berry_custard", "required": false },
    { "id": "farmersdelight:salmon_roll", "required": false },
    { "id": "farmersdelight:sweet_berry_cheesecake", "required": false },
    { "id": "farmersdelight:sweet_berry_cheesecake_slice", "required": false },
    { "id": "netherexp:roasted_bone", "required": false },
    { "id": "netherexp:wraithing_flesh", "required": false },
    { "id": "rusticdelight:cherry_blossom_cheesecake", "required": false },
    { "id": "rusticdelight:cherry_blossom_cheesecake_slice", "required": false },
    { "id": "rusticdelight:coffee_braised_beef", "required": false },
    { "id": "rusticdelight:fried_calamari", "required": false },
    { "id": "rusticdelight:fried_chicken", "required": false },
    { "id": "rusticdelight:fried_dumplings", "required": false },
    { "id": "rusticdelight:fried_mushrooms", "required": false },
    { "id": "rusticdelight:syrup_cheesecake", "required": false },
    { "id": "rusticdelight:syrup_cheesecake_slice", "required": false },
    { "id": "rusticdelight:syrup_cookie", "required": false },
    { "id": "vinery:apple_juice", "required": false },
    { "id": "vinery:apple_mash", "required": false },
    { "id": "vinery:red_grapejuice", "required": false },
    { "id": "vinery:red_jungle_grapejuice", "required": false },
    { "id": "vinery:red_savanna_grapejuice", "required": false },
    { "id": "vinery:red_taiga_grapejuice", "required": false },
    { "id": "vinery:white_grapejuice", "required": false },
    { "id": "vinery:white_jungle_grapejuice", "required": false },
    { "id": "vinery:white_savanna_grapejuice", "required": false },
    { "id": "vinery:white_taiga_grapejuice", "required": false }
  ]
}