{
  "replace": false,
  "values": [
    { "id": "aquamirae:sea_stew", "required": false },
    { "id": "farmersdelight:bacon_and_eggs", "required": false },
    { "id": "farmersdelight:bacon_sandwich", "required": false },
    { "id": "farmersdelight:chicken_sandwich", "required": false },
    { "id": "farmersdelight:mutton_wrap", "required": false },
    { "id": "farmersdelight:ratatouille", "required": false },
    { "id": "farmersdelight:smoked_ham", "required": false },
    { "id": "farmersdelight:stuffed_potato", "required": false }
  ]
}