{
  "replace": false,
  "values": [
    { "id": "farmersdelight:beef_stew", "required": false },
    { "id": "farmersdelight:fish_stew", "required": false },
    { "id": "farmersdelight:kelp_roll", "required": false },
    { "id": "farmersdelight:mushroom_rice", "required": false },
    { "id": "farmersdelight:pasta_with_meatballs", "required": false },
    { "id": "farmersdelight:pasta_with_mutton_chop", "required": false },
    { "id": "farmersdelight:steak_and_potatoes", "required": false },
    { "id": "farmersdelight:vegetable_soup", "required": false }
  ]
}