{
  "replace": false,
  "values": [
    "minecraft:beef",
    "minecraft:beetroot",
    "minecraft:carrot",
    "minecraft:chicken",
    "minecraft:cod",
    "minecraft:cookie",
    "minecraft:dried_kelp",
    "minecraft:glow_berries",
    "minecraft:honey_bottle",
    "minecraft:melon_slice",
    "minecraft:mutton",
    "minecraft:poisonous_potato",
    "minecraft:porkchop",
    "minecraft:potato",
    "minecraft:pufferfish",
    "minecraft:rabbit",
    "minecraft:salmon",
    "minecraft:spider_eye",
    "minecraft:sweet_berries",
    "minecraft:tropical_fish",
    { "id": "alexsmobs:blobfish", "required": false },
    { "id": "alexsmobs:fish_oil", "required": false },
    { "id": "alexsmobs:flying_fish", "required": false },
    { "id": "alexsmobs:gongylidia", "required": false },
    { "id": "alexsmobs:lobster_tail", "required": false },
    { "id": "alexsmobs:rainbow_jelly", "required": false },
    { "id": "alexsmobs:moose_ribs", "required": false },
    { "id": "aquamirae:esca", "required": false },
    { "id": "aquamirae:fin", "required": false },
    { "id": "aquamirae:spinefish", "required": false },
    { "id": "ars_nouveau:sourceberry_bush", "required": false },
    { "id": "bca:axolotl", "required": false },
    { "id": "betterend:amber_root_raw", "required": false },
    { "id": "betterend:chorus_mushroom_raw", "required": false },
    { "id": "betterend:end_fish_raw", "required": false },
    { "id": "betterend:umbrella_cluster_juice", "required": false },
    { "id": "biomeswevegone:baobab_fruit", "required": false },
    { "id": "biomeswevegone:blueberries", "required": false },
    { "id": "biomeswevegone:cooked_white_puffball_cap", "required": false },
    { "id": "biomeswevegone:oddion_bulb", "required": false },
    { "id": "biomeswevegone:white_puffball_cap", "required": false },
    { "id": "biomeswevegone:yucca_fruit", "required": false },
    { "id": "born_in_chaos_v1:bloody_gadfly_eye", "required": false },
    { "id": "born_in_chaos_v1:corpse_maggot", "required": false },
    { "id": "born_in_chaos_v1:fried_maggot", "required": false },
    { "id": "born_in_chaos_v1:sea_terror_eye", "required": false },
    { "id": "born_in_chaos_v1:monster_flesh", "required": false },
    { "id": "born_in_chaos_v1:rotten_fish", "required": false },
    { "id": "cataclysm:lionfish", "required": false },
    { "id": "farmersdelight:apple_cider", "required": false },
    { "id": "farmersdelight:bacon", "required": false },
    { "id": "farmersdelight:bone_broth", "required": false },
    { "id": "farmersdelight:cabbage", "required": false },
    { "id": "farmersdelight:chicken_cuts", "required": false },
    { "id": "farmersdelight:cod_slice", "required": false },
    { "id": "farmersdelight:hot_cocoa", "required": false },
    { "id": "farmersdelight:melon_juice", "required": false },
    { "id": "farmersdelight:minced_beef", "required": false },
    { "id": "farmersdelight:mutton_chops", "required": false },
    { "id": "farmersdelight:onion", "required": false },
    { "id": "farmersdelight:salmon_slice", "required": false },
    { "id": "farmersdelight:tomato", "required": false },
    { "id": "naturalist:lizard_tail", "required": false },
    { "id": "naturalist:bass", "required": false },
    { "id": "naturalist:catfish", "required": false },
    { "id": "naturalist:duck", "required": false },
    { "id": "naturalist:venison", "required": false },
    { "id": "netherexp:cerebrage", "required": false },
    { "id": "netherexp:hogham", "required": false },
    { "id": "quark:crab_leg", "required": false },
    { "id": "rusticdelight:batter", "required": false },
    { "id": "rusticdelight:bell_pepper_green", "required": false },
    { "id": "rusticdelight:bell_pepper_red", "required": false },
    { "id": "rusticdelight:bell_pepper_yellow", "required": false },
    { "id": "rusticdelight:calamari", "required": false },
    { "id": "rusticdelight:calamari_slice", "required": false },
    { "id": "rusticdelight:coffee_beans", "required": false },
    { "id": "rusticdelight:cooking_oil", "required": false },
    { "id": "rusticdelight:golden_coffee_beans", "required": false },
    { "id": "rusticdelight:potato_slices", "required": false },
    { "id": "rusticdelight:roasted_coffee_beans", "required": false },
    { "id": "snowyspirit:candy_cane", "required": false },
    { "id": "snowyspirit:eggnog", "required": false },
    { "id": "snowyspirit:gingerbread_cookie", "required": false },
    { "id": "spawn:angler_fish", "required": false },
    { "id": "spawn:tuna_chunk", "required": false },
    { "id": "supplementaries:candy", "required": false },
    { "id": "vinery:cherry", "required": false },
    { "id": "vinery:jungle_grapes_red", "required": false },
    { "id": "vinery:jungle_grapes_white", "required": false },
    { "id": "vinery:red_grape", "required": false },
    { "id": "vinery:savanna_grapes_red", "required": false },
    { "id": "vinery:savanna_grapes_white", "required": false },
    { "id": "vinery:taiga_grapes_red", "required": false },
    { "id": "vinery:taiga_grapes_white", "required": false },
    { "id": "vinery:white_grape", "required": false }
  ]
}