{
  "replace": false,
  "values": [
    "minecraft:baked_potato",
    "minecraft:bread",
    "minecraft:cooked_cod",
    "minecraft:cooked_rabbit",
    { "id": "alexsmobs:sopa_de_macaco", "required": false },
    { "id": "aquamirae:cooked_spinefish", "required": false },
    { "id": "aquamirae:sharp_bones", "required": false },
    { "id": "ars_nouveau:source_berry_roll", "required": false },
    { "id": "biomeswevegone:aloe_vera_juice", "required": false },
    { "id": "biomeswevegone:cooked_oddion_bulb", "required": false },
    { "id": "biomeswevegone:cooked_yucca_fruit", "required": false },
    { "id": "born_in_chaos_v1:smoked_fish", "required": false },
    { "id": "burnt:baked_apple", "required": false },
    { "id": "herbalbrews:black_tea", "required": false },
    { "id": "herbalbrews:coffee", "required": false },
    { "id": "herbalbrews:green_tea", "required": false },
    { "id": "herbalbrews:hibiscus_tea", "required": false },
    { "id": "herbalbrews:lavender_tea", "required": false },
    { "id": "herbalbrews:milk_coffee", "required": false },
    { "id": "herbalbrews:oolong_tea", "required": false },
    { "id": "herbalbrews:rooibos_tea", "required": false },
    { "id": "herbalbrews:yerba_mate_tea", "required": false },
    { "id": "naturalist:cooked_bass", "required": false },
    { "id": "naturalist:cooked_egg", "required": false },
    { "id": "naturalist:cooked_lizard_tail", "required": false },
    { "id": "netherexp:cooked_hogham", "required": false },
    { "id": "rusticdelight:bell_pepper_soup", "required": false },
    { "id": "rusticdelight:cherry_blossom_pancakes", "required": false },
    { "id": "rusticdelight:cherry_blossom_pancake", "required": false },
    { "id": "rusticdelight:chocolate_pancakes", "required": false },
    { "id": "rusticdelight:chocolate_pancake", "required": false },
    { "id": "rusticdelight:fried_dough", "required": false },
    { "id": "rusticdelight:fruit_beignet", "required": false },
    { "id": "rusticdelight:honey_pancakes", "required": false },
    { "id": "rusticdelight:honey_pancake", "required": false },
    { "id": "rusticdelight:pancakes", "required": false },
    { "id": "rusticdelight:pancake", "required": false },
    { "id": "rusticdelight:pumpkin_pancakes", "required": false },
    { "id": "rusticdelight:pumpkin_pancake", "required": false },
    { "id": "rusticdelight:vegetable_pancakes", "required": false },
    { "id": "rusticdelight:vegetable_pancake", "required": false },
    { "id": "spawn:roasted_sunflower_seeds", "required": false },
    { "id": "supplementaries:pancake", "required": false }
  ]
}