{
  "replace": false,
  "values": [
    "minecraft:beetroot_soup",
    "minecraft:cooked_chicken",
    "minecraft:cooked_mutton",
    "minecraft:cooked_salmon",
    "minecraft:golden_carrot",
    "minecraft:mushroom_stew",
    "minecraft:suspicious_stew",
    { "id": "alexsmobs:cooked_lobster_tail", "required": false },
    { "id": "alexsmobs:cosmic_cod", "required": false },
    { "id": "bca:boiled_axolotl", "required": false },
    { "id": "bca:cooked_axolotl", "required": false },
    { "id": "betterend:bolux_mushroom_cooked", "required": false },
    { "id": "betterend:chorus_mushroom_cooked", "required": false },
    { "id": "betterend:end_fish_cooked", "required": false },
    { "id": "betterend:shadow_berry_cooked", "required": false },
    { "id": "betterend:shadow_berry_jelly", "required": false },
    { "id": "betternether:stalagnate_bowl_mushroom", "required": false },
    { "id": "betternether:stalagnate_bowl_wart", "required": false },
    { "id": "biomeswevegone:blueberry_pie", "required": false },
    { "id": "biomeswevegone:green_apple_pie", "required": false },
    { "id": "born_in_chaos_v1:smoked_monster_flesh", "required": false },
    { "id": "burnt:ember_berries", "required": false },
    { "id": "cataclysm:amethyst_crab_meat", "required": false },
    { "id": "create:bar_of_chocolate", "required": false },
    { "id": "create:builders_tea", "required": false },
    { "id": "create:sweet_roll", "required": false },
    { "id": "farmersdelight:beef_patty", "required": false },
    { "id": "farmersdelight:cooked_bacon", "required": false },
    { "id": "farmersdelight:fried_egg", "required": false },
    { "id": "farmersdelight:honey_cookie", "required": false },
    { "id": "farmersdelight:sweet_berry_cookie", "required": false },
    { "id": "naturalist:cooked_catfish", "required": false },
    { "id": "naturalist:cooked_duck", "required": false },
    { "id": "naturalist:cooked_venison", "required": false },
    { "id": "netherexp:glowcheese", "required": false },
    { "id": "rusticdelight:calamari_roll", "required": false },
    { "id": "rusticdelight:cherry_blossom_cookie", "required": false },
    { "id": "rusticdelight:cherry_blossom_roll", "required": false },
    { "id": "rusticdelight:coffee_cookie", "required": false },
    { "id": "rusticdelight:cooked_calamari", "required": false },
    { "id": "rusticdelight:cooked_calamari_slice", "required": false },
    { "id": "rusticdelight:bell_pepper_roll_green", "required": false },
    { "id": "rusticdelight:bell_pepper_roll_red", "required": false },
    { "id": "rusticdelight:roasted_bell_pepper_green", "required": false },
    { "id": "rusticdelight:roasted_bell_pepper_red", "required": false },
    { "id": "rusticdelight:roasted_bell_pepper_yellow", "required": false },
    { "id": "rusticdelight:bell_pepper_roll_yellow", "required": false },
    { "id": "spawn:cooked_tuna_chunk", "required": false }
  ]
}