{
  "name": "Hollow Bones",
  "description": "You struggle to withstand the weight of chestplates.",
  "type": "origins:conditioned_attribute",
  "modifiers": [
    {
      "attribute": "minecraft:generic.movement_speed",
      "operation": "multiply_total",
      "value": -0.4
    }
  ],
  "condition": {
    "type": "origins:equipped_item",
    "equipment_slot": "chest",
    "item_condition": {
      "type": "origins:ingredient",
      "ingredient": {
        "tag": "regalia:_g/chestplate"
      }
    }
  }
}