{
  "name": "Moisturized",
  "description": "Gain better Regeneration depending on the weather.",
  "type": "origins:action_over_time",
  "interval": 10,
  "entity_action": {
    "type": "origins:if_else_list",
    "actions": [
      {
        "action": {
          "type": "origins:execute_command",
          "command": "function regalia:logic/power/moisturized/t3"
        },
        "condition": {
          "type": "origins:and",
          "conditions": [
            {
              "type": "origins:in_rain"
            },
            {
              "type": "origins:predicate",
              "predicate": "regalia:power/moisturized/t3"
            }
          ]
        }
      },
      {
        "action": {
          "type": "origins:execute_command",
          "command": "function regalia:logic/power/moisturized/t2"
        },
        "condition": {
          "type": "origins:and",
          "conditions": [
            {
              "type": "origins:in_rain"
            },
            {
              "type": "origins:predicate",
              "predicate": "regalia:power/moisturized/t2"
            }
          ]
        }
      },
      {
        "action": {
          "type": "origins:execute_command",
          "command": "function regalia:logic/power/moisturized/t1"
        },
        "condition": {
          "type": "origins:exists"
        }
      }
    ]
  },
  "falling_action": {
    "type": "origins:execute_command",
    "command": "function regalia:logic/power/moisturized/off"
  },
  "condition": {
    "type": "origins:or",
    "conditions": [
      {
        "type": "origins:fluid_height",
        "fluid": "minecraft:water",
        "comparison": "==",
        "compare_to": 0.0,
        "inverted": true
      },
      {
        "type": "origins:in_rain"
      }
    ]
  }
}