{
  "name": "Power Through [60⌛]",
  "description": "§e[Key] = 'Primary Power'§r\nGain 10 seconds of instamine.",
  "type": "origins:multiple",
  "data_active": {
    "type": "origins:resource",
    "min": 0,
    "max": 200,
    "start_value": 0,
    "hud_render": {
      "should_render": true,
      "sprite_location": "origins:textures/gui/community/spiderkolo/resource_bar_02.png",
      "bar_index": 3,
      "condition": {
        "type": "origins:resource",
        "resource": "regalia:power/power_through_data_active",
        "comparison": ">=",
        "compare_to": 1
      }
    }
  },
  "data_cooldown": {
    "type": "origins:resource",
    "min": -1,
    "max": 1200,
    "start_value": 0,
    "hud_render": {
      "should_render": true,
      "sprite_location": "origins:textures/gui/community/spiderkolo/resource_bar_02.png",
      "bar_index": 3,
      "inverted": true,
      "condition": {
        "type": "origins:resource",
        "resource": "regalia:power/power_through_data_cooldown",
        "comparison": ">=",
        "compare_to": 1
      }
    }
  },
  "trigger": {
    "type": "origins:active_self",
    "key": {
      "key": "key.origins.primary_active"
    },
    "cooldown": 5,
    "entity_action": {
      "type": "origins:if_else",
      "if_action": {
        "type": "origins:execute_command",
        "command": "function regalia:logic/power/power_through/trigger"
      },
      "else_action": {
        "type": "origins:execute_command",
        "command": "function regalia:logic/power/_g/fail"
      },
      "condition": {
        "type": "origins:resource",
        "resource": "regalia:power/power_through_data_cooldown",
        "comparison": "==",
        "compare_to": 0
      }
    }
  },
  "mining": {
    "type": "origins:modify_break_speed",
    "modifier": {
      "operation": "multiply_base",
      "value": 9999.0
    },
    "condition": {
      "type": "origins:resource",
      "resource": "regalia:power/power_through_data_active",
      "comparison": ">=",
      "compare_to": 1
    }
  },
  "tick_cooldown": {
    "type": "origins:action_over_time",
    "interval": 1,
    "entity_action": {
      "type": "origins:and",
      "actions": [
        {
          "type": "origins:change_resource",
          "resource": "regalia:power/power_through_data_cooldown",
          "operation": "add",
          "change": -1
        }
      ]
    },
    "condition": {
      "type": "origins:resource",
      "resource": "regalia:power/power_through_data_cooldown",
      "comparison": ">=",
      "compare_to": 1
    }
  },
  "tick_active": {
    "type": "origins:action_over_time",
    "interval": 1,
    "entity_action": {
      "type": "origins:and",
      "actions": [
        {
          "type": "origins:change_resource",
          "resource": "regalia:power/power_through_data_active",
          "operation": "add",
          "change": -1
        }
      ]
    },
    "falling_action": {
      "type": "origins:execute_command",
      "command": "function regalia:logic/power/power_through/expire"
    },
    "condition": {
      "type": "origins:resource",
      "resource": "regalia:power/power_through_data_active",
      "comparison": ">=",
      "compare_to": 1
    }
  }
}