{
  "name": "Running Hot [40⌛]",
  "description": "§e[Key] = 'Primary Power'§r\nUpon activation; for 20 seconds become engulfed in flames. During this, if you are Sprinting, gain a 50% Movement Boost and Fire Immunity.",
  "type": "origins:multiple",
  "data_active": {
    "type": "origins:resource",
    "min": 0,
    "max": 400,
    "start_value": 0,
    "hud_render": {
      "should_render": true,
      "sprite_location": "origins:textures/gui/community/huang/resource_bar_01.png",
      "bar_index": 7,
      "condition": {
        "type": "origins:resource",
        "resource": "regalia:power/running_hot_data_active",
        "comparison": ">=",
        "compare_to": 1
      }
    }
  },
  "data_cooldown": {
    "type": "origins:resource",
    "min": -1,
    "max": 800,
    "start_value": 0,
    "hud_render": {
      "should_render": true,
      "sprite_location": "origins:textures/gui/community/huang/resource_bar_01.png",
      "bar_index": 7,
      "inverted": true,
      "condition": {
        "type": "origins:resource",
        "resource": "regalia:power/running_hot_data_cooldown",
        "comparison": ">=",
        "compare_to": 1
      }
    }
  },
  "trigger": {
    "type": "origins:active_self",
    "key": {
      "key": "key.origins.primary_active"
    },
    "cooldown": 5,
    "entity_action": {
      "type": "origins:if_else",
      "if_action": {
        "type": "origins:execute_command",
        "command": "function regalia:logic/power/running_hot/trigger"
      },
      "else_action": {
        "type": "origins:execute_command",
        "command": "function regalia:logic/power/_g/fail"
      },
      "condition": {
        "type": "origins:resource",
        "resource": "regalia:power/running_hot_data_cooldown",
        "comparison": "==",
        "compare_to": 0
      }
    }
  },
  "movement": {
    "type": "origins:conditioned_attribute",
    "tick_rate": 5,
    "modifiers": [
      {
        "attribute": "minecraft:generic.movement_speed",
        "operation": "multiply_total",
        "value": 0.5
      }
    ],
    "condition": {
      "type": "origins:and",
      "conditions": [
        {
          "type": "origins:resource",
          "resource": "regalia:power/running_hot_data_active",
          "comparison": ">=",
          "compare_to": 1
        },
        {
          "type": "origins:sprinting"
        }
      ]
    }
  },
  "immunity": {
    "type": "origins:invulnerability",
    "damage_condition": {
      "type": "origins:in_tag",
      "tag": "regalia:fire"
    },
    "condition": {
      "type": "origins:and",
      "conditions": [
        {
          "type": "origins:resource",
          "resource": "regalia:power/running_hot_data_active",
          "comparison": ">=",
          "compare_to": 1
        },
        {
          "type": "origins:sprinting"
        }
      ]
    }
  },
  "damage": {
    "type": "origins:burn",
    "interval": 5,
    "burn_duration": 6,
    "condition": {
      "type": "origins:and",
      "conditions": [
        {
          "type": "origins:resource",
          "resource": "regalia:power/running_hot_data_active",
          "comparison": ">=",
          "compare_to": 1
        },
        {
          "type": "origins:sprinting",
          "inverted": true
        }
      ]
    }
  },
  "tick_cooldown": {
    "type": "origins:action_over_time",
    "interval": 1,
    "entity_action": {
      "type": "origins:and",
      "actions": [
        {
          "type": "origins:change_resource",
          "resource": "regalia:power/running_hot_data_cooldown",
          "operation": "add",
          "change": -1
        }
      ]
    },
    "condition": {
      "type": "origins:resource",
      "resource": "regalia:power/running_hot_data_cooldown",
      "comparison": ">=",
      "compare_to": 1
    }
  },
  "tick_active": {
    "type": "origins:action_over_time",
    "interval": 1,
    "entity_action": {
      "type": "origins:and",
      "actions": [
        {
          "type": "origins:change_resource",
          "resource": "regalia:power/running_hot_data_active",
          "operation": "add",
          "change": -1
        },
        {
          "type": "origins:spawn_particles",
          "particle": {
            "type": "minecraft:soul_fire_flame"
          },
          "count": 1,
          "speed": 0.0,
          "force": false,
          "spread": {
            "x": 0.2,
            "y": 0.0,
            "z": 0.2
          },
          "offset_y": 0.05
        }
      ]
    },
    "falling_action": {
      "type": "origins:and",
      "actions": [
        {
          "type": "origins:execute_command",
          "command": "function regalia:logic/power/running_hot/expire"
        },
        {
          "type": "origins:extinguish"
        }
      ]
    },
    "condition": {
      "type": "origins:resource",
      "resource": "regalia:power/running_hot_data_active",
      "comparison": ">=",
      "compare_to": 1
    }
  }
}