{
  "replace": false,
  "values": [
    "minecraft:ender_eye",
    { "id": "endrem:black_eye", "required": false },
    { "id": "endrem:cold_eye", "required": false },
    { "id": "endrem:corrupted_eye", "required": false },
    { "id": "endrem:cryptic_eye", "required": false },
    { "id": "endrem:cursed_eye", "required": false },
    { "id": "endrem:evil_eye", "required": false },
    { "id": "endrem:exotic_eye", "required": false },
    { "id": "endrem:guardian_eye", "required": false },
    { "id": "endrem:lost_eye", "required": false },
    { "id": "endrem:magical_eye", "required": false },
    { "id": "endrem:nether_eye", "required": false },
    { "id": "endrem:old_eye", "required": false },
    { "id": "endrem:rogue_eye", "required": false },
    { "id": "endrem:undead_eye", "required": false },
    { "id": "endrem:wither_eye", "required": false },
    { "id": "endrem:witch_eye", "required": false }
  ]
}