{
  "name": "Huge Stature",
  "description": "Huge stats.",
  "type": "origins:multiple",
  "attributes": {
    "type": "origins:attribute",
    "modifiers": [
      {
        "attribute": "minecraft:generic.attack_damage",
        "operation": "multiply_total",
        "value": 1.0
      },
      {
        "attribute": "minecraft:generic.attack_speed",
        "operation": "multiply_total",
        "value": -0.5
      },
      {
        "attribute": "minecraft:generic.knockback_resistance",
        "operation": "multiply_total",
        "value": 1.0
      },
      {
        "attribute": "minecraft:generic.movement_speed",
        "operation": "multiply_total",
        "value": 0.5
      }
    ]
  },
  "jumping": {
    "type": "origins:modify_jump",
    "modifiers": [
      {
        "operation": "addition",
        "value": 0.2
      }
    ]
  },
  "mining": {
    "type": "origins:modify_break_speed",
    "modifiers": [
      {
        "operation": "multiply_total_multiplicative",
        "value": 0.5
      }
    ]
  },
  "swimming": {
    "type": "origins:modify_swim_speed",
    "modifiers": [
      {
        "operation": "multiply_total",
        "value": 0.5
      }
    ]
  }
}